{"root":[{"assemblyName":"Sioat.Unity","nameSpace":"SIOAT","className":"DangeeMemoryCleanerRunner","methodName":"AppStart","loadTypes":0,"isUnityClass":false},{"assemblyName":"Unity.Burst","nameSpace":"","className":"$BurstDirectCallInitializer","methodName":"Initialize","loadTypes":2,"isUnityClass":true},{"assemblyName":"Unity.Collections","nameSpace":"","className":"__JobReflectionRegistrationOutput__1652832624114795843","methodName":"EarlyInit","loadTypes":2,"isUnityClass":true},{"assemblyName":"Unity.Collections","nameSpace":"","className":"$BurstDirectCallInitializer","methodName":"Initialize","loadTypes":2,"isUnityClass":true}]}
